Aberdeen Station,233610,150.8920522,-32.16710358,10101192,02 6543 1018,"New England Hwy, Aberdeen",2004|2009,3001|3009|3011,1001
Adamstown Station,228920,151.7200807,-32.93372988,10101159,02 4962 9295,"Park Ave, Adamstown",2003|2004|2005|2006|2007,3001|3004|3008|3009|3011|3016,1001|1002
Albion Park Station,252710,150.7984997,-34.56264671,10101381,02 4223 5416,"Princes Hwy, Albion Park",2002|2003|2004|2005|2006|2015|2007|2008|2009,3001|3004|3008|3009|3011,1001|1002
Allawah Station,222020,151.11433,-33.96958391,10101338,02 9563 7415,"Railway Pde, Allawah",2002|2003|2004|2005|2006|2015|2007|2008|2009|2011|2013,3001|3003|3005|3006|3008|3009|3011,1001|1002
Arncliffe Station,220520,151.1472995,-33.93645619,10101333,02 9563 7431,"Firth St, Arncliffe",2002|2003|2004|2005|2006|2015|2007|2008,3003|3008|3009|3010|3011,1001|1002|1005
Artarmon Station,206410,151.1852939,-33.80890264,10101116,02 9379 1140,"Hampden Rd, Artarmon",2001|2002|2004|2005|2006|2015|2007|2008|2011|2013,3001|3003|3008|3009|3011,1001|1005
Ashfield Station,213110,151.1255042,-33.88755061,10101209,02 9752 8356,"Brown St, Ashfield",2002|2003|2004|2005|2006|2015|2007|2008|2009|2011,3001|3003|3005|3006|3008|3009|3011,1001|1002|1005
Asquith Station,207730,151.1080252,-33.68876996,10101128,02 9847 8495,"Haldane St, Asquith",2003|2004|2005|2006|2015|2007|2008|2009,3003|3006|3010|3011|3017,1001
Auburn Station,214410,151.032867,-33.8492696,10101219,02 9848 9206,"Rawson St, Auburn",2001|2002|2004|2005|2006|2015|2007|2008|2012|2013,3001|3003|3005|3006|3008|3009|3011,1001|1002|1005
Austinmer Station,251540,150.9293128,-34.30641046,10101363,02 4223 5573,"Railway Ave, Austinmer",2002|2003|2004|2007|2008|2009,3009|3010|3011,1001|1002
Awaba Station,228310,151.5416347,-33.0129204,10101150,02 4349 9241,"Adelaide St, Awaba",2003|2004|2007,3008|3010|3011|3016,1001|1002
Banksia Station,221610,151.1404316,-33.94528645,10101334,02 9563 7429,"Hattersley St, Banksia",2002|2004|2006|2007|2008|2009,3003|3008|3009|3010|3011,1001|1002|1005
Bankstown Station,220010,151.0346869,-33.91786454,10101401,02 9563 7160,"North Tce, Bankstown",2001|2002|2003|2004|2005|2006|2015|2007|2008|2009|2010|2011|2013,3001|3003|3005|3006|3008|3009|3011,1001|1002|1005
Bardwell Park Station,220710,151.1248574,-33.93161666,10101410,02 9563 7428,"Hartill-Law Ave, Bardwell Park",2003|2004|2005|2006|2015|2007|2008,3003|3008|3010|3011,1001|1002
Bargo Station,257420,150.5802091,-34.29136493,10101303,02 4684 1320,"Hume Hwy, Bargo",2003|2004|2007|2008|2009,3010|3011|3015,1001|1002
Bathurst Station,279538,149.5832161,-33.42562703,10101281,02 6334 8600,"Keppel St, Bathurst",2002|2003|2006|2007|2008|2009|2010|2012|2013,3001|3006|3011,1001|1010|1002|1005
Beecroft Station,211910,151.0662982,-33.74995417,10101197,02 9847 8421,"Wongala Cr, Beecroft",2001|2002|2003|2004|2005|2006|2015|2007|2008|2009|2011,3003|3008|3010|3011,1001|1002|1005
Bell Station,278620,150.2788861,-33.50568554,10101272,02 4787 8452,"Bells Line of Road, Bell",2004,3004|3010|3011|3016,1001
Bellambi Station,251810,150.9099025,-34.36331842,10101367,02 4223 5579,"Bellambi Lane, Bellambi",2003|2004|2006|2007|2008|2009,3004|3009|3010|3011|3017,1001|1002|1005
Belmore Station,219210,151.0887332,-33.91721798,10101397,02 9563 7578,"Burwood Rd, Belmore",2003|2004|2005|2006|2007|2008|2009|2011,3001|3003|3005|3006|3008|3009|3011,1001|1002|1005
Berala Station,214120,151.0324418,-33.87183567,10101390,02 9752 8813,"Woodburn Rd, Berala",2002|2004|2005|2006|2015|2007|2008,3003|3008|3009|3010|3011,1001|1002|1005
Beresfield Station,232230,151.6578627,-32.79894599,10101172,02 4962 9944,"Addison St, Beresfield",2003|2004|2006|2015|2007|2008|2010|2011,3001|3003|3005|3008|3009|3011,1001|1002|1005
Berowra Station,208110,151.1529711,-33.6236572,10101131,02 9847 8496,"Pacific Hwy, Berowra",2001|2002|2003|2004|2006|2015|2007|2008|2009|2010,3001|3003|3005|3006|3008|3009|3011|3017,1001|1002
Berry Station,253510,150.6969659,-34.78033267,10101388,02 4464 1022,"Station Rd, Berry",2002|2003|2004|2006|2007|2008|2009|2010,3001|3003|3004|3009|3011,1001|1002|1005
Beverly Hills Station,220910,151.0816922,-33.94884857,10101413,02 9563 7650,"Morgan St, Beverly Hills",2003|2004|2005|2006|2015|2007|2008|2011|2013,3001|3003|3005|3006|3008|3009|3011,1001|1002|1005
Bexley North Station,220720,151.1133973,-33.93756601,10101411,02 9563 7613,"Kingsgrove Ave, Bexley North",2003|2004|2005|2006|2015|2007|2008,3003|3008|3010|3011,1001|1002
Birrong Station,214320,151.0240413,-33.8932786,10101403,02 9379 7727,"Rodd St, Birrong",2003|2004|2005|2006|2007|2008|2009|2011,3003|3008|3009|3010|3011,1001
Blackheath Station,278510,150.284345,-33.63288104,10101270,02 4780 3992 ,"Railway Pde, Blackheath",2001|2002|2003|2004|2005|2006|2007|2008|2009|2010,3004|3008|3009|3010|3011,1001|1002|1005
Blacktown Station,214810,150.9075105,-33.76822903,10101235,02 9851 7212,"Main St, Blacktown",2001|2002|2003|2004|2005|2006|2015|2007|2008|2009|2010|2011,3001|3002|3003|3005|3006|3008|3009|3011,1001|1002|1005
Blaxland Station,277410,150.6095957,-33.74357659,10101256,02 4739 1620,"Station St, Blaxland",2001|2002|2003|2004|2006|2015|2007|2008|2009|2010|2011,3001|3003|3005|3008|3009|3011|3017,1001|1002|1005
Bomaderry Station,254110,150.6098088,-34.85377666,10101389,02 4423 0141,"Meroo St, Bomaderry",2001|2002|2003|2004|2006|2007|2008|2009|2011|2013,3001|3003|3009|3011,1001|1002|1005
Bombo Station,253320,150.8539755,-34.6580285,10101385,02 4223 5613,"Princes Hwy, Bombo",2003|2004|2006|2007|2009,3001|3008|3009|3011,1001|1005
Bondi Junction Station,202210,151.2483843,-33.89120228,10101109,02 9379 4843,"Grafton St, Bondi Junction",2001|2002|2003|2004|2006|2015|2007|2008|2009|2010|2012|2013,3001|3002|3003|3005|3006|3008|3009|3011,1001|1002|1005
Booragul Station,228410,151.6046902,-32.97142254,10101152,02 4962 9437,"Station St, Booragul",2004|2007|2009,3008|3010|3011|3016,1001
Bowral Station,257610,150.4166585,-34.47812317,10101306,02 4861 2045,"Station St, Bowral",2002|2003|2004|2005|2006|2015|2007|2008|2009|2011|2013,3001|3003|3005|3008|3009|3011,1001|1002|1005
Branxton Station,233510,151.3456449,-32.66225215,10101189,02 6543 1018,"Railway St, Branxton",2003|2004,3008|3010|3011|3020,1001
Broadmeadow Station,229210,151.734686,-32.92301689,10101160,02 4962 9122,"Graham Rd, Broadmeadow",2002|2003|2004|2005|2006|2007|2008|2009|2010|2011,3003|3008|3010|3011|3017,1001|1010|1002|1005
Bullaburra Station,278410,150.4146074,-33.72360616,10101265,02 4759 1052,"Great Western Hwy, Bullaburra",2003|2004|2006|2007,3008|3010|3011|3017,1001|1002
Bulli Station,251610,150.9147439,-34.33448098,10101365,02 4223 5577,"Railway St, Bulli",2002|2003|2004|2005|2006|2007|2008|2009|2010|2011,3001|3005|3011,1001|1002|1005
Bundanoon Station,257810,150.2987371,-34.65613474,10101310,02 4868 1115,"Railway Ave, Bundanoon",2003|2004|2007|2008|2009|2011,3004|3010|3011,1001|1002
Burradoo Station,257620,150.3983388,-34.49401919,10101307,02 4861 2045,"Station St, Burradoo",2004|2006|2009,3004|3010|3011|3015,1001
Burwood Station,213410,151.1047622,-33.87731465,10101207,02 9752 8734,"Railway Pde, Burwood",2004|2005|2006|2015|2007|2008|2011,3001|3003|3005|3006|3008|3009|3011,1001|1002|1005
Cabramatta Station,216620,150.9388206,-33.89486655,10101287,02 9765 1234,"Railway Pde, Cabramatta",2003|2004|2005|2006|2015|2007|2008|2009|2011|2013,3001|3003|3005|3006|3009|3011,1001|1002|1005
Camellia Station,214210,151.0243009,-33.81873435,10101222,02 9848 9212,"Grand Ave, North Camellia",2003|2004|2005|2006|2007|2010,3003|3004|3010|3011,1001
Campbelltown Station,256020,150.813929,-34.06383549,10101296,02 4629 0721,"Hurley St, Campbelltown",2001|2002|2003|2004|2005|2006|2014|2007|2008|2009|2011,3001|3003|3005|3006|3008|3009|3011,1001|1002|1005
Campsie Station,219410,151.1026308,-33.91048116,10101396,02 9718 3020,"Beamish St, Campsie",2002|2003|2004|2005|2006|2014|2007|2008|2009|2011,3001|3003|3005|3006|3008|3009|3011,1001|1002|1005
Canley Vale Station,216610,150.943987,-33.88679793,10101286,02 9765 1102,"Railway Pde, Canley Vale",2003|2004|2005|2008|2009,3006|3008|3010|3011,1001|1002
Canterbury Station,219320,151.1182133,-33.91167214,10101395,02 9563 7678,"Canterbury Rd, Canterbury",2001|2002|2004|2005|2006|2015|2007|2008,3003|3008|3009|3010|3011,1001|1002
Cardiff Station,228520,151.6629801,-32.94182388,10101157,02 4962 9437,"Main Rd, Cardiff",2002|2003|2004|2005|2006|2007|2009|2011,3001|3003|3005|3008|3009|3011,1001|1002|1005
Caringbah Station,222910,151.1227476,-34.04161039,10101349,02 9522 1249,"The Kingsway, Caringbah",2004|2006|2015|2007|2008|2011,3001|3003|3005|3006|3008|3009|3011,1001|1002|1005
Carlingford Station,211810,151.0470507,-33.78220108,10101226,02 9848 9025,"Lloyds Ave, Carlingford",2003|2004|2005|2006|2007|2008|2009|2011,3001|3003|3009|3011,1001|1002
Carlton Station,221810,151.1243369,-33.96826632,10101337,02 9563 7612,"Railway Pde, Carlton",2004|2005|2006|2015|2007|2008|2009|2011,3001|3003|3005|3006|3008|3009|3011,1001|1002|1005
Carramar Station,216330,150.9615486,-33.88431779,10101408,02 9765 1168,"Wattle Ave, Carramar",2003|2004|2005|2006|2015|2008|2009,3003|3008|3009|3010|3011,1001
Casula Station,217030,150.911946,-33.94981838,10101290,02 9765 1655,"Rushton Pl, Casula",2003|2004|2007|2009,3001|3005|3006|3008|3009|3011,1001
Central Station,200060,151.2058293,-33.88388163,10101100,02 9379 1777,"Eddy Ave, Haymarket",2004|2005|2006|2015|2007|2008|2009|2010|2012|2013,3001|3002|3003|3005|3006|3008|3009|3011,1001|1002|1004|1005
Chatswood Station,206710,151.1808207,-33.79713406,10101117,02 9379 3311,"Cnr Railway St & Victoria Ave, Chatswood",2001|2002|2004|2005|2006|2015|2007|2008|2010|2012|2013,3001|3002|3003|3005|3006|3008|3009|3011,1001|1002|1005
Cheltenham Station,211920,151.0788513,-33.75586837,10101198,02 9847 8417,"Sutherland Rd, Cheltenham",2002|2003|2004|2005|2006|2015|2007|2008|2009,3003|3008|3009|3010|3011,1001
Chester Hill Station,216220,150.9994456,-33.8835435,10101405,02 9379 7703,"Chester Hill Rd, Chester Hill",2002|2004|2005|2006|2007|2008,3003|3008|3010|3011,1001|1002|1005
Circular Quay,200020,151.2103898,-33.86132358,10101103,02 9224 3553,"Alfred St, Sydney",2004|2005|2006|2015|2007|2008|2010|2012,3001|3002|3003|3005|3006|3008|3009|3011,1001|1002|1003|1005
Clarendon Station,275630,150.7885628,-33.60895245,10101243,02 9851 7249,"Racecourse Rd, Clarendon",2003|2004|2005|2006|2007|2008|2009|2010|2011,3003|3004|3006|3008|3010|3011,1001
Clyde Station,214230,151.0174895,-33.83628176,10101220,02 9848 9212,"Berry St, Clyde",2004|2005|2006|2015|2007|2008,3003|3005|3006|3008|3010|3011,1001
Coalcliff Station,250850,150.9772427,-34.24225043,10101359,02 4223 5569,"Lawrence Hargrave Dr, Coalcliff",2003|2004|2006|2007|2008,3008|3010|3011,1001|1002
Cockle Creek Station,228430,151.6233813,-32.94270992,10101155,02 4962 9437,"Lake Rd, Cockle Creek",2003|2004|2007,3008|3010|3011|3016,1001|1002
Coledale Station,251530,150.9433353,-34.28938913,10101423,02 4223 5573,"Cater St, Coledale",2003|2004|2007|2008,3008|3010|3011|3017,1001|1005
Como Station,222610,151.0679988,-34.00426616,10101343,02 9522 1244,"Como Pde, Como",2001|2002|2003|2004|2006|2007|2008|2009,3003|3008|3009|3010|3011,1001
Concord West Station,213810,151.0856262,-33.84873998,10101204,02 9752 8421,"Queen St, Concord West",2004|2005|2006|2015|2007|2008|2009|2010|2011|2013,3001|3003|3005|3008|3011,1001
Coniston Station,250030,150.8855292,-34.43745489,10101373,02 4223 5529,"Gladstone Ave, Coniston",2001|2002|2003|2004|2006|2007|2008|2009|2010,3010|3011,1001|1002|1005
Corrimal Station,251820,150.9049716,-34.37572692,10101368,02 4223 5580,"Murray Rd, Corrimal",2001|2002|2003|2004|2005|2006|2007|2008|2009|2010,3001|3004|3009|3011,1001|1005
Cowan Station,208120,151.1717177,-33.59310763,10101132,02 9847 8496,"Pacific Hwy, Cowan",2003|2004|2006|2007|2008,3001|3004|3009|3011|3016,1001
Cringila Station,250520,150.8784228,-34.46717554,10101375,02 4223 5694,"Five Islands Rd, Cringila",2002|2003|2004|2006|2008,3008|3010|3011,1001|1002
Cronulla Station,223020,151.1515424,-34.05625171,10101351,02 9522 1245,"Cronulla St, Cronulla",2002|2003|2004|2005|2006|2015|2007|2008|2009|2010|2011|2013,3001|3006|3009|3011,1001|1002|1003|1005
Croydon Station,213210,151.1154882,-33.88323425,10101208,02 9752 8529,"Meta St, Croydon",2004|2005|2006|2007|2008|2011|2013,3003|3008|3009|3010|3011,1001
Dapto Station,253020,150.7923283,-34.49209044,10101425,02 4223 5544,"Station St, Dapto",2001|2002|2003|2004|2005|2006|2015|2007|2008|2009|2011,3003|3004|3009|3010|3011,1001|1002|1005
Denistone Station,211410,151.0875503,-33.79990618,10101200,02 9752 8461,"West Pde, Denistone",2003|2004|2006|2007|2008,3008|3009|3010|3011,1001
Domestic Airport Station,202020,151.1807857,-33.93365963,10101331,02 8337 8450,"Keith Smith Ave, Domestic Airport, Mascot",2004|2005|2006|2015|2007|2008|2009|2010|2011|2013,3001|3002|3003|3005|3006|3008|3009|3011,1001|1002|1005
Doonside Station,276710,150.8683521,-33.76398502,10101246,02 9851 7218,"Doonside Cr, Doonside",2002|2003|2004|2005|2006|2007|2008|2013,3003|3008|3009|3010|3011,1001|1002|1005
Dora Creek Station,226420,151.5011621,-33.08318747,10101149,02 4349 9241,"Wamsley St, Dora Creek",2003|2004|2007,3008|3010|3011|3017,1001|1002
Douglas Park Station,256910,150.7099378,-34.18322665,10101300,02 4677 1402,"Camden Rd, Douglas Park",2003|2004|2006,3004|3010|3011|3015,1001
Dulwich Hill Station,220310,151.1409894,-33.91110223,10101393,02 9563 7595,"Wardell Rd, Dulwich Hill",2003|2004|2005|2006|2015|2007|2008|2009|2010,3008|3010|3011,1001|1002|1004
Dundas Station,211720,151.0331967,-33.80389397,10101224,02 9637 1520,"Station St, Dundas",2003|2004|2005|2006|2007|2009,3001|3003|3004|3009|3011,1001|1002
Dungog Station,242010,151.7595395,-32.4022901,10101186,02 4992 3178,"Brown St, Dungog",2003|2004|2005|2006|2007|2008,3001|3004|3006|3008|3011,1001|1002
East Hills Station,221320,150.9848973,-33.96160677,10101419,02 9563 7774,"Park Rd, East Hills",2001|2002|2003|2004|2005|2006|2015|2007|2008|2009,3003|3006|3008|3009|3010|3011,1001|1002
East Maitland Station,232330,151.5874213,-32.74487523,10101176,02 4933 7256,"Melbourne St, East Maitland",2003|2004|2007|2008,3008|3010|3011,1001
East Richmond Station,275310,150.759234,-33.60179614,10101244,02 9851 7248,"Bourke St, East Richmond",2002|2004|2005|2007|2008|2011|2013,3001|3003|3004|3006|3009|3011,1001|1002
Eastwood Station,212210,151.0822335,-33.7900214,10101199,02 9752 8493,"West Pde, Eastwood",2002|2003|2004|2005|2006|2015|2007|2008|2009|2010|2011|2013,3001|3003|3005|3006|3008|3009|3011,1001|1002|1005
Edgecliff Station,202710,151.2361614,-33.87925148,10101108,02 9379 4652,"New South Head Rd, Edgecliff",2004|2005|2006|2015|2007|2008|2012|2013,3002|3003|3006|3008|3010|3011,1001|1002|1005
Edmondson Park Station,217426,150.8587,-33.9693,10101447,02 9765 1451 ,"Soldiers Pde, Edmondson Park",2002|2003|2004|2005|2006|2015|2007|2008|2009|2011|2013,3001|3003|3005|3006|3008|3009|3011,1001|1002|1005
Emu Plains Station,275020,150.6722867,-33.74556778,10101253,02 4735 2506,"Station St, Emu Plains",2001|2002|2003|2004|2005|2006|2015|2007|2008|2009|2011|2013,3001|3003|3005|3006|3008|3009|3011|3017,1001|1002
Engadine Station,223310,151.0146529,-34.06789901,10101353,02 9522 1224,"Princes Hwy, Engadine",2001|2002|2003|2004|2005|2006|2015|2007|2008|2009|2010|2011,3001|3003|3005|3006|3008|3009|3011,1001|1002|1005
Epping Station,212110,151.0821766,-33.77284145,10101429,02 8878 4100,"Beecroft Rd, Epping",2001|2002|2003|2004|2005|2006|2015|2008|2009|2010|2012|2013,3001|3002|3003|3005|3006|3008|3009|3011,1001|1002|1005
Erskineville Station,204310,151.1853076,-33.9008581,10101324,02 9563 7579,"Swanson St, Erskineville",2004|2005|2006|2015|2007|2008|2011|2013,3003|3008|3010|3011,1001|1002
Exeter Station,257930,150.3173447,-34.61377487,10101309,02 4868 1115,"Middle Rd, Exeter",2004|2008|2009,3004|3010|3011|3015,1001|1002
Fairfield Station,216510,150.9570711,-33.87233065,10101285,02 9765 1641,"The Crescent, Fairfield",2002|2003|2004|2005|2006|2015|2007|2008|2011,3001|3003|3005|3006|3008|3009|3011,1001|1002|1005
Fairy Meadow Station,251910,150.8961702,-34.39583411,10101370,02 4223 5852,"Elliots Rd, Fairy Meadow",2001|2002|2003|2004|2005|2006|2007|2008|2009,3004|3008|3009|3010|3011,1001|1005
Fassifern Station,228330,151.5812509,-32.9857882,10101151,02 4985 7209,"Tucker Close, Fassifern",2002|2003|2004|2005|2006|2015|2007|2008|2009|2010,3001|3003|3005|3008|3009|3011,1001|1002
Faulconbridge Station,277610,150.5350339,-33.69648835,10101260,02 4780 3906,"Great Western Hwy, Faulconbridge",2003|2004|2005|2007|2008|2009,3003|3008|3010|3011|3017,1001|1002
Flemington Station,214020,151.0697665,-33.86482229,10101217,02 9752 8477,"The Crescent, Flemington",2004|2005|2006|2008,3003|3008|3010|3011,1001|1002|1005
Gerringong Station,253420,150.8175078,-34.74488594,10101387,02 4234 1422,"Grey St, Gerringong",2002|2003|2004|2006|2007|2008|2009|2010,3001|3009|3011,1001|1005
Glenbrook Station,277310,150.6208342,-33.76900437,10101255,02 4739 1753,"Burfitt Pde, Glenbrook",2001|2002|2003|2004|2005|2006|2015|2007|2008,3003|3008|3010|3011|3017,1001|1002
Glenfield Station,216710,150.8928072,-33.97236827,10101291,02 9765 1162,"Railway Pde, Glenfield",2001|2002|2003|2004|2005|2006|2015|2007|2008|2009|2010|2011|2013,3001|3003|3005|3006|3008|3009|3011,1001|1002|1005
Gordon Station,207210,151.154528,-33.75600864,10101121,02 9847 8458,"St Johns Ave, Gordon",2002|2003|2004|2005|2006|2014|2007|2008|2009|2010|2011,3001|3003|3005|3006|3008|3009|3011,1001|1002|1005
Gosford Station,225040,151.3417109,-33.42388261,10101139,02 4349 9260,"Mann St, Gosford",2001|2002|2003|2004|2005|2006|2015|2007|2008|2009|2010|2011|2013,3001|3003|3005|3008|3009|3011,1001|1002|1005
Goulburn Station,258010,149.7192744,-34.75846191,10101315,02 4828 5816,"Sloane St, Goulburn",2003|2004|2005|2006|2007|2008|2011,3008|3010|3011,1001|1002|1005
Granville Station,214240,151.0124947,-33.83317598,10101227,02 9848 9388,"Bridge St, Granville",2001|2002|2003|2004|2005|2006|2015|2007|2008|2009|2010|2011|2013,3001|3003|3005|3006|3008|3009|3011,1001|1002|1005
Green Square Station,201710,151.2024745,-33.90606259,10101329,02 8337 8430,"Cnr Botany Rd & O'Riordan St, Alexandria",2004|2005|2006|2015|2007|2008|2010|2011|2013,3001|3002|3003|3005|3006|3008|3009|3011,1001|1002|1005
Greta Station,233410,151.3840895,-32.68662215,10101188,02 6543 1018,"Nelson St, Greta",2004,3008|3010|3011|3020,1001
Guildford Station,216110,150.984361,-33.8545057,10101283,02 9848 9287,"Military Rd, Guildford",2002|2003|2004|2005|2015|2007|2008|2009|2011,3001|3003|3005|3006|3008|3009|3011,1001|1002|1005
Gymea Station,222710,151.0854766,-34.03489294,10101347,02 9522 1288,"Gymea Bay Rd, South Gymea",2003|2004|2005|2006|2015|2007|2008|2009|2010|2011,3001|3003|3005|3008|3009|3011,1001|1002|1005
Hamilton Station,230310,151.7488722,-32.91871348,10101161,02 4962 9365,"Beaumont St, Hamilton",2004|2005|2006|2014|2007|2008,3003|3004|3008|3009|3010|3011|3017,1001|1002|1005
Harris Park Station,215010,151.0076387,-33.82326002,10101228,02 9848 9386,"Station St, Harris Park",2004|2005|2006|2015|2007|2008|2011|2013,3003|3008|3010|3011,1001
Hawkesbury River Station,208310,151.2265104,-33.54678835,10101133,02 9985 7224,"Dangar Rd, Brooklyn",2004|2005|2007|2008,3003|3008|3009|3010|3011,1001|1002|1003
Hazelbrook Station,277910,150.4546038,-33.72397351,10101263,02 4780 3913,"Railway Pde, Hazelbrook",2001|2003|2004|2006|2015|2007|2008|2009|2010,3003|3008|3010|3011|3017,1001|1002|1005
Heathcote Station,223320,151.0080024,-34.08823661,10101354,02 9522 1221,"Princes Hwy, Heathcote",2002|2003|2004|2005|2006|2015|2007|2008|2009|2010,3003|3006|3009|3010|3011,1001|1005
Helensburgh Station,250810,150.9948249,-34.17686988,10101356,02 4223 5864,"Wilsons Creek Rd, Helensburgh",2001|2002|2003|2004|2005|2006|2015|2007|2008|2009|2011|2013,3001|3003|3005|3008|3009|3011|3017,1001|1002|1005
Hexham Station,232210,151.6844171,-32.82947029,10101170,02 4962 9944,"Pacific Hwy, Hexham",2003|2004,3008|3010|3011|3020,1001
High Street Station,232010,151.5636893,-32.741449,10101177,02 4933 7902,"High St, Maitland",2003|2004|2005,3008|3010|3011,1001|1002
Hilldale Station,242040,151.6497678,-32.50450378,10101183,02 6543 1018,"Paterson Rd, Hilldale",2003|2004,3010|3011|3020,1001
Holsworthy Station,217310,150.9568946,-33.96320957,10101420,02 9765 1166,"Macarthur Dr, Holsworthy",2001|2002|2003|2004|2005|2006|2015|2007|2008|2009|2011,3001|3003|3005|3006|3008|3009|3011,1001|1002|1005
Homebush Station,214010,151.0864413,-33.86673988,10101216,02 9752 8882,"The Crescent, Homebush",2004|2005|2006|2007|2008|2009,3003|3008|3010|3011,1001|1002|1005
Hornsby Station,207720,151.098494,-33.70280124,10101127,02 9847 8428,"Station St, Hornsby",2001|2002|2003|2004|2005|2006|2015|2007|2008|2009|2012,3001|3003|3005|3006|3008|3009|3011,1001|1002|1005
Hurlstone Park Station,219310,151.1320925,-33.91042225,10101394,02 9563 7544,"Floss St, Hurlstone Park",2003|2004|2005|2006|2015|2007|2008|2009,3003|3008|3010|3011,1001|1002
Hurstville Station,222010,151.1027571,-33.96745356,10101339,02 9563 7568,"Ormonde Pde, Hurstville",2002|2004|2005|2006|2015|2007|2008|2011,3001|3002|3003|3005|3006|3008|3009|3011,1001|1002|1005
Ingleburn Station,256510,150.8649205,-33.9970797,10101293,02 4629 0845,"Stanley Rd, Ingleburn",2001|2002|2003|2004|2005|2006|2015|2007|2008|2009|2011,3001|3003|3005|3006|3008|3009|3011,1001|1002|1005
International Airport Station,202030,151.1658913,-33.93498823,10101332,02 8337 8460,"Qantas Dr, International Airport, Mascot",2004|2005|2006|2015|2007|2008|2009|2010|2011|2013,3001|3002|3003|3005|3006|3008|3009|3011,1001|1002|1005
Jannali Station,222620,151.0646645,-34.01612866,10101344,02 9522 1283,"Cnr Jannali Ave & Mitchell Ave, Jannali",2001|2002|2003|2004|2005|2006|2015|2007|2008|2009|2010,3003|3008|3009|3010|3011,1001|1002|1005
Katoomba Station,278020,150.3111602,-33.71157344,10101268,02 4782 1902,"Goldsmith Pl, Katoomba",2001|2002|2003|2004|2005|2006|2014|2007|2008|2009|2010|2011|2013,3001|3003|3005|3008|3009|3011,1001|1002|1005
Kembla Grange Station,253010,150.8173407,-34.47021836,10101379,02 4223 5488,"Grange St, Kembla Grange",2003|2004|2005|2006,3010|3011|3016,1001
Kiama Station,253330,150.8546947,-34.67251778,10101386,02 4223 5613,"Railway Pde, Kiama",2001|2002|2003|2004|2005|2006|2007|2008|2009|2010|2011|2013,3001|3003|3005|3008|3009|3011,1001|1002|1005
Killara Station,207110,151.1616474,-33.76540899,10101120,02 9847 8440,"Culworth Ave, Killara",2003|2004|2005|2006|2015|2007|2008|2009,3003|3008|3010|3011,1001|1002
Kings Cross Station,201110,151.2223342,-33.87454091,10101107,02 9379 1204,"Victoria St, Kings Cross",2004|2005|2006|2015|2007,3001|3002|3005|3006|3008|3009|3011,1001|1002|1005
Kingsgrove Station,220810,151.1004839,-33.94063602,10101412,02 9563 7623,"Mashman Ave, Kingsgrove",2001|2002|2003|2004|2005|2006|2015|2007|2008|2012,3001|3003|3005|3006|3008|3009|3011,1001|1002|1005
Kingswood Station,274720,150.7198236,-33.7582512,10101251,02 4780 3814,"Great Western Hwy, Kingswood",2001|2002|2003|2004|2005|2015|2007|2008|2009|2011|2013,3003|3006|3008|3010|3011,1001|1002|1005
Kirrawee Station,223230,151.0713153,-34.03501535,10101346,02 9522 1281,"Oak Rd, Kirrawee",2004|2005|2006|2015|2007|2008|2010|2011,3001|3003|3005|3006|3008|3009|3011,1001|1005
Kogarah Station,221710,151.1326415,-33.96214931,10101336,02 9563 7273,"Railway Pde, Kogarah",2001|2002|2003|2004|2005|2006|2015|2007|2008|2009|2011,3001|3002|3003|3005|3006|3008|3009|3011,1001|1002|1005
Koolewong Station,225620,151.318655,-33.46697442,10101136,02 4349 9230,"Brisbane Water Dr, Koolewong",2003|2004|2005|2006|2007|2008|2011,3004|3010|3011|3014,1001|1002
Kotara Station,228910,151.6984933,-32.94139627,10101158,02 4962 9437,"Park Ave, Kotara",2004|2007,3008|3010|3011|3016,1001|1002
Lakemba Station,219510,151.0759555,-33.92012699,10101398,02 9563 7549,"The Boulevarde, Lakemba",2003|2004|2005|2006|2015|2007|2008|2009|2011,3001|3003|3005|3006|3008|3009|3011,1001|1002|1005
Lapstone Station,275030,150.6427966,-33.77369788,10101254,02 4780 3813,"Explorers Rd, Lapstone",2003|2004|2006|2007|2008|2009,3008|3010|3011|3017,1001
Lawson Station,278310,150.4298244,-33.71914485,10101264,02 4759 1052,"Loftus St, Lawson",2003|2004|2006|2007|2008|2009|2010,3008|3010|3011|3017,1001|1002|1005
Leightonfield Station,216310,150.9849671,-33.8815017,10101406,02 9379 7704,"Christine Rd, Leightonfield",2003|2004|2005|2006|2007|2008,3008|3009|3010|3011,1001|1002
Leppington Station,217933,150.8081,-33.9544,10101448,02 9765 1444,"Rickard Rd, Leppington",2002|2003|2004|2005|2006|2015|2007|2008|2009|2011|2013,3001|3003|3005|3006|3008|3009|3011,1001|1002|1005
Leumeah Station,256010,150.8300507,-34.0511705,10101295,02 4629 0847,"O'Sullivan Rd, Leumeah",2001|2002|2003|2004|2005|2006|2007|2008|2009,3001|3003|3005|3006|3008|3009|3011,1001|1002|1005
Leura Station,278010,150.3302704,-33.71172185,10101267,02 4780 3933,"Railway Pde, Leura",2003|2004|2006|2015|2007|2008,3008|3010|3011|3017,1001|1002|1005
Lewisham Station,204920,151.1472725,-33.89327853,10101211,02 9752 8029,"Cnr Railway Tce & Victoria St, Lewisham",2004|2005|2006|2015|2007|2008,3003|3008|3009|3010|3011,1001|1002
Lidcombe Station,214110,151.0453895,-33.86388935,10101218,02 9752 8432,"Railway Pde, Lidcombe",2001|2002|2003|2004|2005|2006|2015|2007|2008|2009|2011,3001|3003|3005|3006|3008|3009|3011,1001|1002|1005
Linden Station,277820,150.5052641,-33.71500231,10101261,02 4751 1018,"Great Western Hwy, Linden",2004|2007,3004|3008|3010|3011|3016,1001|1002
Lindfield Station,207010,151.1691106,-33.77518546,10101119,02 9847 8402,"Lindfield Ave, Lindfield",2002|2004|2005|2006|2015|2007|2008|2011|2013,3001|3003|3005|3006|3008|3009|3011,1001|1002|1005
Lisarow Station,225070,151.3698171,-33.38231099,10101142,02 4352 1450,"Pacific Hwy, Lisarow",2002|2003|2004|2006|2007,3008|3010|3011|3016,1001|1002
Lithgow Station,279010,150.1574494,-33.48050099,10101274,02 6354 9507,"Main St, Lithgow",2002|2003|2004|2005|2006|2007|2008|2009|2010,3001|3003|3005|3008|3009|3011,1001|1010|1002|1005
Liverpool Station,217020,150.9270542,-33.92510969,10101289,02 9765 1655,"Bigge St, Liverpool",2001|2002|2003|2004|2005|2006|2015|2007|2008|2009|2012|2013,3001|3002|3003|3005|3006|3008|3009|3011,1001|1002|1005
Lochinvar Station,232110,151.4490865,-32.72072004,10101187,02 6543 1018,"Station Lane, Lochinvar",2003|2004|2005|2006|2009,3001|3004|3009|3011|3020,1001
Loftus Station,223220,151.05132,-34.04513834,10101352,02 9522 1213,"Loftus Ave, Loftus",2002|2003|2004|2005|2006|2015|2007|2008|2009|2010,3003|3009|3010|3011,1001|1002
Lysaghts Station,250510,150.8760944,-34.45484317,10101374,02 4223 5685,"Springhill Rd, Cringila",2004,3008|3010|3011|3017,1001
Macarthur Station,256030,150.7967371,-34.07207332,10101297,02 4629 0800,"Menangle Rd, Campbelltown",2001|2002|2003|2004|2005|2006|2007|2008|2009|2011|2013,3001|3003|3005|3006|3008|3009|3011,1001|1002|1005
Macdonaldtown Station,201520,151.1862916,-33.89666002,10101215,02 9379 1321,"Burren St, Macdonaldtown",2004|2005|2006|2015|2007|2010,3003|3008|3010|3011,1001
Macquarie Fields Station,256410,150.8788965,-33.98480719,10101292,02 9765 1163,"Railway Pde, Macquarie Fields",2001|2002|2003|2004|2005|2006|2015|2007|2008|2009,3008|3009|3010|3011,1001|1002
Macquarie Park Station,211340,151.1286414,-33.78501276,10101427,02 8878 4326,"Cnr Lane Cove Rd & Waterloo Rd, Macquarie Park",2001|2004|2005|2006|2015|2007|2008|2012|2013,3001|3002|3003|3005|3006|3008|3009|3011,1001|1002
Macquarie University Station,211310,151.1181871,-33.77741329,10101426,02 8878 4110,"Cnr Waterloo Rd & Herring Rd, Macquarie Park",2001|2004|2005|2006|2014|2007|2008|2010|2012|2013,3001|3002|3003|3005|3006|3008|3009|3011,1001|1002|1005
Maitland Station,232020,151.5520999,-32.73803543,10101178,02 4933 6666,"Church St, Maitland",2001|2002|2003|2004|2005|2006|2015|2007|2008|2009|2011,3001|3003|3005|3008|3009|3011,1001|1002|1005
Marayong Station,214820,150.9001991,-33.74645111,10101236,02 9851 7241,"Railway Pde, Marayong",2001|2002|2003|2004|2005|2006|2015|2007|2008|2009|2011|2013,3001|3003|3005|3006|3008|3009|3011,1001
Marrickville Station,220410,151.1540328,-33.91409037,10101392,02 9563 7586,"Illawarra Rd, Marrickville",2004|2005|2006|2015|2007|2008,3001|3003|3005|3006|3008|3011,1001|1002|1005
Martin Place Station,200030,151.2115912,-33.86787091,10101106,02 9379 4858,"Macquarie St, Sydney",2004|2005|2006|2015|2007|2008|2012|2013,3001|3002|3003|3005|3006|3008|3009|3011,1001|1002
Martins Creek Station,242050,151.618509,-32.55868695,10101182,02 4932 8409,"Martins Creek Rd, Martins Creek",2003|2004|2006|2007,3001|3009|3011|3020,1001
Marulan Station,257940,150.0064192,-34.70950062,10101314,02 4868 1115,"George St, Marulan",2003|2004|2008|2009|2011,3004|3010|3011|3015,1001
Mascot Station,202010,151.1872531,-33.92318797,10101330,02 8337 8440,"Cnr Bourke Rd & Church Ave, Mascot",2004|2005|2006|2014|2007|2008|2011|2013,3001|3002|3003|3005|3006|3008|3009|3011,1001|1005
Meadowbank Station,211430,151.0900609,-33.81623815,10101202,02 9752 8460,"Constitution Rd, Meadowbank",2001|2002|2003|2004|2005|2006|2015|2007|2008|2010|2011,3001|3003|3005|3006|3008|3009|3011,1001|1002|1003|1005
Medlow Bath Station,278030,150.2807859,-33.67387612,10101269,02 4782 1902,"Great Western Hwy, Medlow Bath",2004|2006|2007,3004|3008|3010|3011|3017,1001
Menangle Station,256810,150.7444307,-34.12520137,10101299,02 4677 1402,"Station St, Menangle",2003|2004|2006,3004|3010|3011|3015,1001
Menangle Park Station,256310,150.7449558,-34.1037012,10101298,02 4677 1402,"Racecourse Dr, Menangle Park",2003|2004|2006,3004|3010|3011|3015,1001
Merrylands Station,216010,150.9928633,-33.8363502,10101282,02 9848 9239,"Railway Tce, Merrylands",2001|2002|2003|2004|2005|2014|2008|2009|2011,3001|3003|3005|3006|3008|3009|3011,1001|1002|1005
Metford Station,232310,151.6178682,-32.76487575,10101174,02 4933 7902,"Ferraby Dr, Metford",2002|2003|2004|2006|2007|2009,3001|3005|3008|3009|3011,1001|1002
Milsons Point Station,206110,151.211825,-33.84589277,10101111,02 9379 4024,"Alfred St, Milsons Point",2004|2005|2006|2015|2007|2008|2009,3001|3005|3006|3008|3009|3011,1001|1002|1003|1005
Mindaribba Station,232050,151.5843137,-32.66932312,10101180,02 4932 8409,"Tocal Rd, Mindaribba",2004,3010|3011|3020,1001
Minnamurra Station,253310,150.8522575,-34.62569976,10101384,02 4223 5613,"North St, Minnamurra",2001|2002|2004|2007,3001|3009|3011,1001|1002
Minto Station,256610,150.8425967,-34.02714972,10101294,02 4629 0842,"Somerset St, Minto",2001|2002|2003|2004|2005|2006|2007|2008|2009|2011,3001|3003|3005|3006|3008|3009|3011,1001|1002|1005
Miranda Station,222810,151.1028535,-34.03635478,10101348,02 9522 1295,"Kiora Rd, South Miranda",2001|2002|2003|2004|2005|2006|2015|2007|2008|2010|2012,3001|3003|3005|3006|3008|3009|3011,1001|1002|1005
Mittagong Station,257510,150.4476899,-34.45270638,10101305,02 4871 1935,"Regents St, Mittagong",2002|2003|2004|2005|2006|2007|2008|2009,3003|3008|3009|3010|3011,1001|1002
Morisset Station,226410,151.4877339,-33.10924629,10101148,02 4349 9241,"Dora St, Morisset",2001|2002|2003|2004|2005|2006|2007|2008|2009|2011,3001|3003|3005|3008|3009|3011|3016,1001|1002|1005
Mortdale Station,222310,151.0812881,-33.97058667,10101341,02 9563 7585,"Cnr Morts Rd & Pitt St, Mortdale",2002|2003|2004|2005|2006|2015|2007|2008|2009|2011,3001|3003|3005|3006|3008|3009|3011,1001|1002|1005
Moss Vale Station,257710,150.3719897,-34.54795977,10101308,02 4868 1115,"Bay St, Moss Vale",2002|2003|2004|2005|2006|2007|2008|2009|2011,3003|3008|3009|3010|3011,1001|1002|1005
Mount Colah Station,207910,151.1144926,-33.67202205,10101129,02 9847 8476,"Pacific Hwy, Mount Colah",2004|2005|2006|2015|2007|2008,3003|3008|3010|3011|3017,1001|1002
Mount Druitt Station,277010,150.8197988,-33.76954233,10101248,02 9851 7501,"North Pde, Mount Druitt",2001|2002|2003|2004|2005|2006|2015|2007|2008|2009|2011,3001|3002|3003|3005|3006|3008|3009|3011,1001|1002|1005
Mount Kuring-gai Station,208010,151.1368223,-33.65300164,10101130,02 9847 8497,"Pacific Hwy, Mount Kuring-gai",2004|2006|2007|2008,3008|3010|3011|3017,1001|1002|1005
Mount Victoria Station,278610,150.2569734,-33.5881116,10101271,02 4787 1227,"Darling Causeway, Mount Victoria",2003|2004|2006|2007|2008|2009,3003|3008|3010|3011,1001|1010|1002|1005
Mulgrave Station,275610,150.830637,-33.62668367,10101241,02 9851 7275,"Mulgrave Rd, Mulgrave",2002|2003|2004|2006|2007|2008|2009|2010|2011|2013,3003|3004|3006|3010|3011,1001
Museum Station,200040,151.2101064,-33.87569985,10101104,02 9379 1396,"Elizabeth St, Sydney",2004|2005|2006|2015|2007|2008,3002|3003|3008|3010|3011,1001|1002|1005
Muswellbrook Station,233310,150.8903202,-32.26749261,10101191,02 6543 1018,"Market St, Muswellbrook",2003|2004|2006|2007|2008|2009,3001|3008|3009|3011,1001|1002
Narara Station,2250772,151.3443079,-33.39478578,10101140,02 4352 1450,"Valley Dr, Narara",2001|2002|2003|2004|2005|2006|2007,3008|3010|3011|3016,1001|1002
Narwee Station,220920,151.0697482,-33.94751814,10101414,02 9563 7770,"Hannans Rd, Narwee",2002|2003|2004|2005|2006|2015|2007|2008,3003|3008|3010|3011,1001|1002|1005
Newtown Station,204210,151.1799247,-33.89788301,10101214,02 9379 1790,"King St, Newtown",2002|2004|2015|2007|2008|2012,3001|3003|3005|3008|3009|3011,1001|1002
Niagara Park Station,225060,151.3542821,-33.38333131,10101141,02 4352 1450,"Kathleen Morreau Rd, Niagara Park",2002|2003|2004|2005|2006|2007,3003|3008|3010|3011|3016,1001|1002
Normanhurst Station,207620,151.0972405,-33.72075274,10101194,02 9847 8423,"Denman Pde, Normanhurst",2004|2006|2015|2007|2008|2010,3003|3006|3008|3010|3011,1001|1002|1005
North Ryde Station,211320,151.1379398,-33.7944217,10101428,02 8878 4335,"Delhi Rd, North Ryde",2001|2004|2005|2006|2015|2007|2008|2010|2012,3001|3002|3003|3005|3006|3008|3009|3011,1001|1002
North Strathfield Station,213710,151.0879861,-33.85868801,10101205,02 9752 8462,"Queen St, North Strathfield",2001|2002|2004|2005|2006|2015|2007|2008|2011|2013,3003|3008|3010|3011,1001|1002
North Sydney Station,206010,151.2074102,-33.84120853,10101112,02 9379 4432,"Blue St, North Sydney",2004|2005|2006|2015|2007|2008|2011|2013,3001|3002|3003|3005|3006|3008|3009|3011,1001|1002|1005
North Wollongong Station,250010,150.8913492,-34.41259326,10101371,02 4223 5583,"Stafford St, North Wollongong",2002|2003|2004|2005|2006|2015|2007|2008|2009|2011|2013,3001|3003|3005|3008|3009|3011,1001|1002|1005
Oak Flats Station,252920,150.8209079,-34.57223075,10101382,02 4223 5656,"Stanford Dr, Oak Flats",2001|2002|2003|2004|2005|2006|2015|2007|2008|2009|2011|2013,3001|3003|3008|3009|3011,1001|1002|1005
Oatley Station,222320,151.0789651,-33.98084516,10101342,02 9522 1246,"Oatley Pde, Oatley",2004|2005|2006|2007|2008,3003|3008|3010|3011,1001|1002|1005
Olympic Park Station,212710,151.0695472,-33.84652013,10101424,02 9752 8557,"Murray Rose Ave, Olympic Park",2003|2004|2005|2006|2015|2007|2008|2009|2010|2011,3001|3002|3003|3005|3006|3008|3009|3011,1001|1002|1005
Otford Station,250830,151.0060039,-34.21020004,10101357,02 4223 5566,"Lady Carrington Rd, Otford",2003|2004|2006|2007|2008|2009,3003|3008|3009|3010|3011|3017,1001
Ourimbah Station,225810,151.3699892,-33.35960353,10101143,02 4349 9204,"Pacific Hwy, Ourimbah",2001|2002|2003|2004|2005|2006|2007|2008|2009|2011,3003|3008|3009|3010|3011|3016,1001|1002
Padstow Station,221110,151.0325572,-33.95189202,10101416,02 9563 7653,"Howard Rd, Padstow",2001|2002|2003|2004|2005|2006|2015|2007|2008|2009|2010|2011,3001|3003|3005|3006|3008|3009|3011,1001|1002|1005
Panania Station,221310,150.9978261,-33.95431112,10101418,02 9563 7654,"Sherlock Ave, Panania",2002|2003|2004|2005|2006|2015|2007|2008,3003|3008|3010|3011,1001|1002|1005
Parramatta Station,215020,151.0055351,-33.81757926,10101229,02 9848 9387,"Argyle St, Parramatta",2001|2002|2003|2004|2005|2006|2014|2007|2008|2009|2011,3001|3002|3003|3005|3006|3008|3009|3011,1001|1002|1003|1005
Paterson Station,242110,151.6146372,-32.60240094,10101181,02 4932 8409,"Railway St, Paterson",2003|2004|2006,3004|3008|3010|3011|3020,1001
Pendle Hill Station,214530,150.9563427,-33.8013479,10101232,02 9851 7203,"Wentworth Ave, Pendle Hill",2002|2003|2004|2005|2006|2007|2008,3003|3008|3009|3010|3011,1001|1002|1005
Pennant Hills Station,212020,151.0725297,-33.73793863,10101196,02 9847 8523,"Railway St, Pennant Hills",2001|2002|2004|2005|2006|2015|2007|2008|2011,3001|3003|3005|3006|3008|3009|3011,1001|1002|1005
Penrith Station,275010,150.6961348,-33.75005529,10101252,02 4780 3971,"Jane St, Penrith",2001|2002|2003|2004|2005|2006|2015|2007|2008|2009|2010|2012|2013,3001|3003|3005|3006|3008|3009|3011,1001|1002|1005
Penrose Station,257920,150.2117555,-34.67255107,10101311,02 4868 1115,"Highland Way, Penrose",2004,3004|3010|3011|3015,1001
Penshurst Station,222210,151.0893865,-33.96612954,10101340,02 9563 7545,"Bridge St, Penshurst",2004|2005|2006|2015|2007|2008|2011,3001|3003|3005|3006|3008|3009|3011,1001|1002|1005
Petersham Station,204910,151.1551562,-33.8938594,10101212,02 9752 8426,"Trafalgar St, Petersham",2004|2006|2014|2007|2008,3003|3006|3008|3009|3010|3011,1001|1002|1005
Picton Station,257110,150.6126016,-34.17914657,10101301,02 4677 1402,"Station St, Picton",2002|2003|2004|2005|2006|2015|2007|2008|2009|2011|2013,3001|3003|3005|3008|3009|3011,1001|1002
Point Clare Station,225030,151.328556,-33.44577008,10101138,02 4325 7897,"Brisbane Water Dr, Point Clare",2001|2003|2004|2006|2007|2008,3003|3008|3010|3011|3016,1001|1002
Port Kembla Station,250540,150.9019223,-34.47724493,10101377,02 4223 5685,"Old Port Kembla Rd, Port Kembla",2002|2003|2004|2005|2006|2007|2008|2009,3001|3009|3011,1001|1002
Port Kembla North Station,250530,150.8880483,-34.47276667,10101376,02 4223 5685,"Flinders St, Port Kembla North",2004|2006,3008|3010|3011,1001
Punchbowl Station,219610,151.055867,-33.92537752,10101400,02 9563 7684,"Punchbowl Rd, Punchbowl",2003|2004|2005|2006|2015|2007|2008|2009,3003|3008|3010|3011,1001|1002|1005
Pymble Station,207310,151.142138,-33.74472888,10101122,02 9847 8581,"Grandview St, Pymble",2003|2004|2005|2006|2015|2007|2008,3003|3008|3010|3011,1001|1002|1005
Quakers Hill Station,276310,150.886725,-33.72802483,10101237,02 9851 7243,"Railway Pde, Quakers Hill",2003|2004|2005|2006|2015|2007|2008|2009|2010|2011|2013,3001|3003|3005|3006|3008|3009|3011,1001|1002|1005
Redfern Station,201510,151.1984847,-33.8923699,10101421,02 9379 1398,"Cnr Lawson St & Gibbons St, Redfern",2004|2005|2006|2015|2007|2008|2010,3002|3003|3008|3009|3010|3011|3018,1001|1002|1005
Regents Park Station,214310,151.0241875,-33.88298889,10101391,02 9752 8815,"Park Rd, Regents Park",2001|2002|2003|2004|2005|2006|2007|2008|2009|2011,3001|3003|3005|3006|3008|3009|3011,1001|1002|1005
Revesby Station,221210,151.0148384,-33.95246003,10101417,02 9563 7760,"Blamey St, Revesby",2001|2002|2003|2004|2005|2006|2015|2007|2008|2009|2013,3001|3003|3005|3006|3008|3009|3011,1001|1002|1005
Rhodes Station,213820,151.0870323,-33.83053036,10101203,02 9752 8467,"Walker St, Rhodes",2003|2004|2005|2006|2015|2007|2008|2009|2010|2011|2013,3001|3003|3005|3006|3008|3009|3011,1001|1002
Richmond Station,275320,150.753211,-33.59911164,10101245,02 9851 7247,"Market St, Richmond",2001|2002|2003|2004|2005|2006|2015|2007|2008|2009|2011|2013,3001|3003|3006|3008|3009|3011,1001|1002|1005
Riverstone Station,276510,150.8602679,-33.67904337,10101239,02 9851 7245,"Railway Tce, Riverstone",2001|2002|2003|2004|2005|2006|2015|2008|2009,3003|3004|3006|3010|3011,1001|1002|1005
Riverwood Station,221010,151.0520353,-33.95153541,10101415,02 9563 7646,"William Rd, Riverwood",2003|2004|2005|2006|2015|2007|2008|2009|2011,3001|3003|3005|3006|3008|3009|3011,1001|1002|1005
Rockdale Station,221620,151.1368616,-33.95188027,10101335,02 9563 7574,"Geeves Ave, Rockdale",2001|2002|2003|2004|2005|2006|2015|2007|2008|2009|2010|2011|2013,3001|3003|3005|3006|3008|3009|3011,1001|1002|1005
Rooty Hill Station,276610,150.8450187,-33.77151173,10101247,02 9851 7208,"North Pde, Rooty Hill",2001|2002|2003|2004|2005|2006|2007|2008|2009|2010|2011|2013,3003|3008|3010|3011,1001|1002|1005
Rosehill Station,214220,151.0220689,-33.82334612,10101221,02 9637 1520,"James Ruse Drv, Rosehill",2003|2004|2007,3004|3008|3010|3011,1001|1002
Roseville Station,206910,151.177266,-33.78422026,10101118,02 9847 8461,"Hill St, Roseville",2002|2003|2004|2005|2006|2015|2007|2008,3003|3008|3010|3011,1001|1002|1005
Rydalmere Station,211610,151.0290977,-33.81007301,10101223,02 9848 9243,"Brodie St, Rydalmere",2003|2004|2005|2006|2007|2008|2009,3003|3008|3009|3010|3011,1001
Sandgate Station,230430,151.7026047,-32.87189652,10101169,02 4962 9495,"Astra St, Sandgate",2003|2004,3008|3010|3011,1001
Scarborough Station,251510,150.9657909,-34.26498655,10101360,02 4223 5570,"Lawrence Hargrave Dr, Scarborough",2003|2004|2006|2007|2008,3008|3010|3011|3017,1001|1002
Schofields Station,276220,150.8738169,-33.70447724,10101238,02 9851 7244,"Railway Tce, Schofields",2002|2003|2004|2006|2015|2007|2008|2009|2010|2011,3001|3003|3005|3006|3009|3011,1001|1002
Scone Station,233710,150.8669023,-32.04694089,10101193,02 6543 1018,"Susan St, Scone",2003|2004|2005|2009,3001|3011,1001
Sefton Station,216210,151.0112833,-33.88523616,10101404,02 9379 7702,"Wellington Rd, Sefton",2003|2004|2005|2006|2015|2008|2009|2011|2013,3001|3003|3005|3006|3008|3009|3011,1001
Seven Hills Station,214710,150.9365134,-33.77443043,10101234,02 9851 7431,"The Centre, Terminus Rd, Seven Hills",2001|2002|2003|2004|2005|2006|2015|2007|2008|2009|2012,3001|3003|3005|3006|3008|3009|3011,1001|1002|1005
Shellharbour Junction,2529218,150.8447273,-34.59128255,10101446,,"Piper Dr, Dunmore",2002|2003|2004|2005|2006|2007|2009|2010,3001|3003|3005|3006|3008|3009|3011,1001|1002|1005
Singleton Station,233010,151.1651707,-32.57177047,10101190,02 6572 1034,"Munro St, Singleton",2003|2004|2005|2006|2007|2008,3001|3009|3011,1001|1002
Springwood Station,277720,150.5639799,-33.6988416,10101259,02 4780 3915,"Jerseywold Ave, Springwood",2001|2002|2003|2004|2005|2006|2015|2007|2008|2009|2011|2013,3001|3003|3005|3008|3009|3011|3017,1001|1002|1005
St James Station,200050,151.2118374,-33.87069742,10101105,02 9224 4751,"Elizabeth St, Sydney",2004|2005|2006|2015|2007|2008|2010|2011,3001|3003|3005|3006|3008|3009|3011,1001|1002
St Leonards Station,206520,151.1941268,-33.82238888,10101115,02 9379 1046,"The Forum, Herbert St, St Leonards",2001|2002|2004|2005|2006|2015|2007|2008|2010|2011|2013,3001|3002|3003|3005|3006|3008|3009|3011,1001|1002|1005
St Marys Station,276010,150.776029,-33.76225585,10101249,02 9851 7525,"Cnr Station St & Queen St, St Marys",2001|2002|2003|2004|2005|2006|2015|2007|2008|2009|2010|2011|2013,3001|3003|3005|3006|3008|3009|3011,1001|1002|1005
St Peters Station,204410,151.1802675,-33.9073952,10101443,02 9563 7412,"King St, St Peters",2004|2006|2015|2007|2008,3003|3008|3010|3011,1001|1002
Stanmore Station,204810,151.1640093,-33.89454885,10101213,02 9752 8994,"Douglas St, Stanmore",2004|2005|2006|2014|2007|2008,3003|3008|3009|3010|3011,1001|1002
Stanwell Park Station,250840,150.980938,-34.22658642,10101358,02 4223 5568,"Railway Cr, Stanwell Park",2002|2003|2004|2005|2006|2007|2008,3008|3009|3010|3011,1001
Strathfield Station,213510,151.0944271,-33.8718105,10101206,02 9752 8430,"Albert Rd, Strathfield",2004|2005|2006|2014|2007|2008|2012|2013,3001|3003|3005|3006|3008|3009|3011,1001|1002|1005
Summer Hill Station,213010,151.1394451,-33.89056077,10101210,02 9752 8489,"Carlton Cr, Summer Hill",2004|2005|2006|2015|2007|2008|2011,3001|3003|3005|3006|3008|3009|3011,1001|1002|1005
Sutherland Station,223210,151.0571901,-34.03178692,10101345,02 9522 1260,"Old Princes Hwy, Sutherland",2001|2002|2003|2004|2005|2006|2015|2007|2008|2009|2011|2013,3001|3003|3005|3006|3008|3009|3011,1001|1002|1005
Sydenham Station,204420,151.1666456,-33.9143732,10101326,02 9563 7764,"Gleeson Ave, Sydenham",2002|2004|2005|2006|2015|2007|2008|2011|2013,3001|3003|3005|3008|3011,1001|1002|1005
Tahmoor Station,257310,150.5899106,-34.22367667,10101302,02 4681 8218,"George St, Tahmoor",2003|2004|2005|2006|2007|2008|2009|2010,3001|3004|3011|3015,1001|1005
Tallong Station,257950,150.0865057,-34.7183306,10101313,02 4868 1115,"Highland Way, Tallong",2003|2004,3004|3010|3011|3015,1001
Tarro Station,232220,151.6699415,-32.80930922,10101171,02 4962 9944,"Woodberry Rd, Tarro",2003|2004,3008|3010|3011,1001
Tascott Station,225020,151.318056,-33.45135695,10101137,02 4349 9230,"Glenrock Pde, Tascott",2003|2004|2006|2007,3008|3010|3011|3013,1001|1002
Telarah Station,232030,151.5396348,-32.72391026,10101179,02 4932 8409,"Johnson St, Telarah",2002|2003|2004|2006|2015|2007|2008|2009|2011,3001|3003|3009|3011,1001|1002
Telopea Station,211710,151.041563,-33.79367445,10101225,02 9872 1471,"Adderton Rd, Telopea",2003|2004|2005|2006|2007|2008,3004|3010|3011,1001|1002
Tempe Station,204430,151.1565073,-33.92450473,10101327,02 9563 7417,"Griffiths St, Tempe",2002|2003|2004|2006|2015|2007|2008|2009|2010,3003|3008|3009|3010|3011,1001
Teralba Station,228420,151.6034578,-32.96271245,10101153,02 4962 9437,"William St, Teralba",2003|2004|2005|2007,3008|3009|3010|3011|3016,1001|1002
Thirroul Station,251550,150.9186524,-34.3184244,10101364,02 4223 5576,"Railway Pde, Thirroul",2001|2002|2003|2004|2005|2006|2015|2007|2008|2009|2012|2013,3001|3003|3005|3008|3009|3011,1001|1002|1005
Thornleigh Station,212010,151.078281,-33.7318712,10101195,02 9847 8474,"Railway Pde, Thornleigh",2001|2002|2003|2004|2005|2006|2015|2007|2008,3003|3008|3010|3011,1001|1002
Thornton Station,232240,151.6398308,-32.78359464,10101173,02 4962 9929,"Karuah St, Thornton",2003|2004|2006|2015|2007|2008|2009|2011,3001|3005|3008|3009|3011,1001|1002
Toongabbie Station,214610,150.9514373,-33.787263,10101233,02 9851 7204,"Wentworth Ave, Toongabbie",2003|2004|2005|2006|2015|2007|2008,3003|3008|3009|3010|3011,1001|1002|1005
Town Hall Station,200070,151.2068993,-33.87359633,10101101,02 9379 4110,"George St, Sydney",2004|2005|2006|2015|2007|2008|2010|2012|2013,3001|3002|3003|3005|3006|3008|3009|3011,1001|1002|1005
Towradgi Station,251830,150.9012389,-34.38468632,10101369,02 4223 5581,"Towradgi Rd, Towradgi",2001|2002|2004|2006|2007|2008|2011,3010|3011,1001|1002
Tuggerah Station,225910,151.4201526,-33.30808648,10101144,02 4352 1450,"Pacific Hwy, Tuggerah",2001|2002|2003|2004|2005|2006|2007|2008|2009,3001|3003|3008|3009|3011,1001|1002|1005
Turramurra Station,207410,151.1282818,-33.73218221,10101123,02 9847 8464,"Rohini St, Turramurra",2002|2003|2004|2005|2006|2015|2007|2008|2009|2011|2013,3001|3003|3005|3006|3008|3009|3011,1001|1002|1005
Turrella Station,220530,151.139909,-33.92995296,10101409,02 9563 7768,"Hannan St, Turrella",2001|2002|2004|2005|2006|2015|2007|2008,3003|3008|3010|3011,1001|1002
Unanderra Station,252610,150.8462629,-34.45442878,10101378,02 4223 5640,"Central Rd, Unanderra",2001|2003|2004|2005|2006|2015|2007|2009|2011,3008|3009|3010|3011|3017,1001|1002|1005
Valley Heights Station,277710,150.583813,-33.70446573,10101258,02 4780 3105,"Great Western Hwy, Valley Heights",2003|2004|2006|2007|2008,3008|3010|3011|3017,1001|1002
Victoria Street Station,232320,151.5938259,-32.75095775,10101175,02 4933 7902,"Victoria St, East Maitland",2003|2004|2006|2007|2008,3003|3008|3010|3011,1001|1002|1005
Villawood Station,216320,150.9760479,-33.88090168,10101407,02 9765 1268,"River Ave, Villawood",2003|2004|2005|2006|2007|2008|2009,3003|3008|3010|3011,1001
Vineyard Station,276520,150.8512458,-33.65050415,10101240,02 9851 7245,"Cnr Riverstone Pde & Bandon Rd, Vineyard",2003|2004,3004|3006|3010|3011,1001
Wahroonga Station,207610,151.1168923,-33.7174292,10101125,02 9847 8463,"Redleaf Ave, Wahroonga",2003|2004|2005|2006|2015|2007|2008,3003|3008|3009|3010|3011,1001|1002|1005
Waitara Station,207710,151.1043411,-33.70999326,10101126,02 9847 8468,"Alexandria Pde, Waitara",2001|2002|2003|2004|2005|2006|2015|2007|2008|2009|2010,3003|3008|3009|3010|3011,1001|1002
Wallarobba Station,242020,151.6956798,-32.49613996,10101184,02 4932 8409,"Brookfield Rd, Wallarobba",2003|2004,3001|3006|3011|3020,1001
Warabrook Station,230420,151.7098902,-32.88705464,10101168,02 4968 1487,"Warabrook Bvd, Warabrook",2003|2004|2007|2009,3001|3005|3008|3009|3011,1001
Waratah Station,230410,151.7316708,-32.90276555,10101167,02 4962 9495,"Station St, Waratah",2004|2006|2007|2008,3003|3008|3010|3011,1001|1002|1005
Warnervale Station,225930,151.4485623,-33.24755931,10101146,02 4353 1915,"Railway Rd, Warnervale",2001|2002|2003|2004|2005|2007,3004|3010|3011|3016,1001|1002
Warrawee Station,207420,151.1217568,-33.72428546,10101124,02 9847 8459,"Heydon Ave, Warrawee",2003|2004|2005|2006|2015|2007|2008|2010,3003|3008|3009|3010|3011,1001|1002
Warrimoo Station,277420,150.6019792,-33.72119644,10101257,02 4780 3808,"Railway Pde, Warrimoo",2003|2004|2006|2007|2008,3003|3008|3010|3011|3017,1001|1002
Warwick Farm Station,217010,150.9350364,-33.91344996,10101288,02 9765 1127,"Remembrance Ave, Warwick Farm",2001|2002|2003|2004|2005|2006|2007|2008|2009|2011|2013,3001|3003|3005|3006|3008|3009|3011,1001|1002|1005
Waterfall Station,223330,150.9945115,-34.13438522,10101355,02 9548 3725,"Kooraban St, Waterfall",2002|2003|2004|2005|2006|2015|2007|2008|2009|2011,3001|3003|3005|3011,1001|1002
Waverton Station,206020,151.1978555,-33.83824525,10101113,02 9379 1997,"Bay Rd, Waverton",2004|2005|2006|2015|2007|2008,3001|3003|3005|3006|3008|3009|3011,1001|1002
Wentworth Falls Station,278210,150.3763114,-33.70947192,10101266,02 4757 1011,"Station St, Wentworth Falls",2001|2002|2003|2004|2005|2006|2007|2008|2009,3003|3008|3010|3011|3017,1001|1002|1005
Wentworthville Station,214520,150.9726376,-33.80719295,10101231,02 9848 9151,"Wentworth Ave, Wentworthville",2003|2004|2005|2006|2015|2007|2008|2009,3003|3008|3010|3011,1001|1002|1005
Werrington Station,274710,150.7583397,-33.7592923,10101250,02 4780 3815,"Railway St, Werrington",2003|2004|2005|2006|2015|2007|2008|2009|2011|2013,3001|3003|3005|3006|3008|3009|3011,1001|1002
West Ryde Station,211420,151.0902289,-33.80717213,10101201,02 9752 8465,"Ryedale Rd, West Ryde",2003|2004|2005|2006|2015|2007|2008|2009|2011|2013,3001|3003|3005|3006|3008|3009|3011,1001|1002|1005
Westmead Station,214510,150.9880115,-33.80852937,10101230,02 9848 9116,"Railway Pde, Westmead",2001|2002|2003|2004|2005|2006|2015|2007|2008|2009|2011|2013,3001|3003|3005|3006|3008|3009|3011|3017,1001|1002|1005
Wiley Park Station,219520,151.0672762,-33.92300854,10101399,02 9563 7441,"King Georges Rd, Wiley Park",2004|2006|2007|2008,3003|3006|3010|3011,1001|1002|1005
Windsor Station,275620,150.811408,-33.61392767,10101242,02 9851 7276,"George St, Windsor",2001|2002|2003|2004|2005|2006|2008|2009|2010|2011|2013,3001|3003|3006|3009|3011,1001|1002|1005
Wingello Station,257910,150.1583854,-34.69218018,10101312,02 4868 1115,"Sydney St, Wingello",2004|2008,3004|3010|3011,1001
Wirragulla Station,242030,151.743457,-32.4617735,10101185,02 4932 8409,"Dungog Rd, Wirragulla",2003|2004|2008,3010|3011|3020,1001
Wolli Creek Station,220510,151.1541132,-33.92854683,10101328,02 9563 7986,"Brodie Sparks Dr, Wolli Creek",2004|2005|2006|2007|2008|2011|2013,3001|3003|3005|3006|3008|3009|3011,1001|1002
Wollongong Station,250020,150.8882431,-34.42701617,10101372,02 4223 5517,"Lowden Square, Wollongong",2001|2002|2003|2004|2005|2006|2007|2008|2009|2010|2011,3001|3003|3005|3008|3009|3011,1001|1010|1002|1005
Wollstonecraft Station,206510,151.191895,-33.83179487,10101114,02 9379 4183,"Shirley Rd, Wollstonecraft",2003|2004|2005|2006|2015|2007|2008,3003|3006|3010|3011,1001|1002
Wombarra Station,251520,150.953145,-34.27593294,10101361,02 4223 5573,"Morrison Ave, Wombarra",2004|2006|2007,3008|3010|3011|3017,1001
Wondabyne Station,225010,151.2570108,-33.49213536,10101134,02 4349 9230,,2004,3004|3008|3010|3011|3013,1001
Woodford Station,277810,150.4819174,-33.73544928,10101262,02 4780 3910,"Railway Pde, Woodford",2002|2003|2004|2005|2006|2007|2008|2009|2010,3008|3010|3011|3017,1001|1002
Woolooware Station,223010,151.1439953,-34.04771809,10101350,02 9522 1265,"Swan St, Woolooware",2003|2004|2005|2006|2015|2007|2008|2010|2011|2013,3001|3003|3005|3006|3008|3009|3011,1001|1002
Woonona Station,251710,150.9149538,-34.35023047,10101366,02 4223 5578,"Park Rd, Woonona",2002|2003|2004|2005|2007|2008|2009|2011,3001|3003|3004|3008|3009|3011,1001|1002|1005
Woy Woy Station,225610,151.3236239,-33.48511249,10101135,02 4349 9230,"Railway St, Woy Woy",2001|2002|2003|2004|2005|2006|2014|2007|2008|2009|2010|2011,3001|3003|3005|3008|3009|3011,1001|1002|1003|1005
Wyee Station,225940,151.4871198,-33.18044789,10101147,02 4357 1202,"Gorokan Rd, Wyee",2003|2004|2006|2007|2008,3003|3008|3010|3011|3016,1001|1002
Wynyard Station,200080,151.2057893,-33.86589799,10101102,02 9224 2959,"George St, Sydney",2004|2005|2006|2015|2007|2008|2010|2011,3001|3002|3003|3005|3006|3008|3009|3011,1001|1002|1005
Wyong Station,225920,151.4252562,-33.28547923,10101145,02 4353 1915,"Pacific Hwy, Wyong",2001|2002|2003|2004|2005|2006|2007|2008|2009|2010|2011,3001|3003|3005|3008|3009|3011,1001|1002|1005
Yagoona Station,219910,151.0241519,-33.90655337,10101402,02 9379 7724,"Liverpool Rd, Yagoona",2003|2004|2005|2006|2015|2007|2008|2009,3003|3008|3009|3010|3011,1001|1002|1005
Yennora Station,216120,150.9710073,-33.8647184,10101284,02 9848 9414,"Railway St, Yennora",2003|2004|2006|2008|2009,3003|3006|3008|3009|3010|3011,1001
Yerrinbool Station,257540,150.5434957,-34.37174006,10101304,02 4871 1935,"Hume Hwy, Yerrinbool",2003|2004|2005|2006|2007|2009,3004|3010|3011|3015,1001
Zig Zag Station,278630,150.202088,-33.4718103,10101273,02 6353 9565,"Inch St, Lithgow",2004,3004|3008|3010|3011|3013,1001
Abbotsford Wharf,20461,151.1281726,-33.84367442,10102011,,,2001|2004|2008,3001|3003|3011,1002|1003
Balmain Wharf,20413,151.1863604,-33.85471605,10102008,,,2002|2004|2015|2009,3001|3003|3011,1003
Balmain East Wharf,20414,151.1959756,-33.85696725,10102010,,,2002|2004,3001|3003|3009|3011,1002|1003
Birchgrove Wharf,20412,151.1863405,-33.84645581,10102007,,,2004,3003|3008|3010|3011,1003
Cabarita Wharf,21371,151.1164853,-33.84096251,10102031,,,2001|2003|2004,3001|3003|3011,1002|1003
Chiswick Wharf,20462,151.1417808,-33.84554855,10102012,,,2002|2004|2008,3001|3003|3008|3011,1002|1003
Cockatoo Island Wharf,20009,151.1732389,-33.84559502,10102002,,,2002,3001,1003
Cremorne Point Wharf,20901,151.2308584,-33.84787838,10102025,,,2004|2015|2009,3001|3003|3009|3011,1002|1003
Darling Harbour Wharf,2000180,151.2008261,-33.86687618,10102052,,,2004|2014|2007,3001|3003|3011,1002|1003|1005
Darling Point Wharf,20271,151.2394906,-33.8664518,10102034,,,2004,3003|3008|3010|3011,1003
Double Bay Wharf,20281,151.2425813,-33.87334922,10102003,,,2002|2004,3003|3010|3011,1003
Drummoyne Wharf,20471,151.1570955,-33.84548995,10102013,,,2004,3001|3003|3009|3011,1003
Garden Island Wharf,20007,151.2299226,-33.85813587,10102001,,,,3001,1003
Greenwich Point Wharf,20651,151.1808023,-33.84209993,10102019,,,2004,3003|3008|3010|3011,1002|1003
Huntleys Point Wharf,211158,151.1422376,-33.84192145,10102036,,,2002|2004,3003|3008|3009|3010|3011,1003
Kirribilli Wharf,20614,151.2202795,-33.84936725,10102018,,,2004,3003|3008|3010|3011,1003
Kissing Point Wharf,21122,151.1019831,-33.8316867,10102037,,,2001|2003|2004|2008|2009,3001|3003|3011,1003
Kurraba Point Wharf,20892,151.2218291,-33.84342906,10102024,,,2004,3003|3010|3011,1003
Manly Wharf,20951,151.2838762,-33.80048291,10102027,,,2001|2002|2004|2005|2006|2015|2007|2011,3001|3003|3008|3011,1002|1003|1005
McMahons Point Wharf,20601,151.2062986,-33.84865057,10102015,,,2004,3003|3010|3011,1002|1003
Meadowbank Wharf,21141,151.0898782,-33.82114791,10102028,,,2001|2003|2004|2005|2008,3001|3003|3011,1001|1003
Milsons Point Wharf,20611,151.2106384,-33.84939899,10102017,,,2002|2004,3001|3003|3008|3009|3011,1001|1002|1003|1005
Mosman Bay Wharf,20881,151.2323381,-33.83847631,10102020,,,2002|2004|2006|2009,3001|3003|3009|3011,1002|1003
Neutral Bay Wharf,20891,151.2193125,-33.84231965,10102023,,,2004|2009,3001|3003|3008|3011,1002|1003
North Sydney Wharf,20603,151.2187282,-33.84496235,10102016,,,2004,3003|3008|3010|3011,1003
Old Cremorne Wharf,20902,151.2305011,-33.84092232,10102026,,,2004,3003|3008|3010|3011,1003
Parramatta Wharf,21501,151.010585,-33.81391554,10102032,,,2001|2002|2004|2005|2009|2011,3001|3003|3011,1003|1005
Pyrmont Bay Wharf,200910,151.1987285,-33.86844161,10102033,,,2004,3001|3003|3009|3011,1003
Rose Bay Wharf,20291,151.2621217,-33.87094819,10102004,,,2003|2004|2005|2008,3001|3003|3011,1003
Rydalmere Wharf,21151,151.0437536,-33.81799002,10102029,,,2001|2002|2003|2004,3001|3003|3008|3011,1003
South Mosman Wharf,20882,151.2325961,-33.84326831,10102021,,,2004,3003|3008|3010|3011,1002|1003
Sydney Olympic Park Wharf,21271,151.079094,-33.82220671,10102030,,,2002|2004,3001|3003|3009|3011,1002|1003
Taronga Zoo Wharf,20883,151.2395142,-33.8463431,10102022,,,2002|2004|2005|2006|2014,3001|3003|3011,1002|1003
Watsons Bay Wharf,20301,151.28104,-33.84343945,10102005,,,2002|2004|2005|2015,3003|3008|3010|3011,1002|1003
Woolwich Wharf,21101,151.1760428,-33.83875627,10102035,,,2002|2004|2005|2006|2010,3001|3003|3011,1002|1003
Castle Hill Bus Interchange,2154190,151.0064202,-33.7321484,10148755,,,2008,,1002|1005
Lane Cove Bus Interchange,2066251,151.1712926,-33.81234789,10113474,,,2001|2002,3005,1002
Prairiewood - Stockland Mall Bus Interchange,2176261,150.8968524,-33.85861799,10121819,,,2001|2002|2005|2009,3005,1002
Railway Square Bus Interchange,200064,151.2034191,-33.88362346,10101110,,,2002|2005,3002|3005,1001|1002|1004|1005
Rouse Hill Bus Interchange,2155227,150.9241739,-33.69175333,10119603,,,2001|2002|2009,,1002|1005
Dee Why Bus Interchange,209913,151.2863953,-33.75265204,10115434,,,2002|2005|2008,,1002|1005
Capitol Square Light Rail ,2000255,151.2056556,-33.87975438,10101442,,,2004|2015,3001|3009|3011,1004
Paddy's Markets Light Rail,2000253,151.2027409,-33.87925321,10101441,,,2004,3001|3009|3011,1004
Exhibition Centre Light Rail,2000264,151.1997027,-33.87719386,10101440,,,2004,3001|3004|3008|3009|3011,1004
Convention Centre Light Rail,2000262,151.198123,-33.87262846,10101439,,,2004,3001|3004|3009|3011,1004
Pyrmont Bay Light Rail,200943,151.19755,-33.86920237,10101438,,,2004|2015,3001|3004|3005|3008|3009|3011,1004
The Star Light Rail,200941,151.1952012,-33.8673489,10101437,,,2004|2008,3001|3004|3005|3008|3009|3011,1004
John Street Square Light Rail,200939,151.1918901,-33.86722922,10101436,,,2004,3001|3004|3005|3008|3009|3011,1004
Fish Market Light Rail,200937,151.192293,-33.87091734,10101435,,,2004,3001|3004|3005|3008|3009|3011,1004
Wentworth Park Light Rail,200935,151.1939664,-33.87436029,10101434,,,2004,3001|3004|3008|3009|3011,1004
Glebe Light Rail Light Rail,203781,151.1873612,-33.87715587,10101433,,,2004|2015,3001|3004|3008|3009|3011,1004
Jubilee Park Light Rail,203779,151.1787626,-33.87537487,10101432,,,2004|2015,3001|3004|3008|3009|3011,1004
Rozelle Bay Light Rail,203839,151.1727016,-33.87181104,10101431,,,2004|2015,3001|3004|3008|3009|3011,1004
Lilyfield Light Rail,2040115,151.1651053,-33.87408114,10101430,,,2004|2015,3001|3004|3005|3008|3009|3011,1004
Leichhardt North Light Rail,2040113,151.1538683,-33.87498209,10101454,,,2002|2004|2005,3001|3003|3004|3005|3008|3009|3011,1004
Hawthorne Light Rail,2040111,151.1471308,-33.87972548,10101455,,,2002|2004|2005|2015,3001|3003|3004|3009|3011,1004
Marion Light Rail,2040109,151.1450903,-33.88384696,10101456,,,2002|2004|2005,3001|3003|3004|3005|3008|3009|3011,1004
Taverner's Hill Light Rail,2040107,151.1452209,-33.88930105,10101457,,,2002|2004|2005,3001|3003|3004|3005|3008|3009|3011,1004
Lewisham West Light Rail,204993,151.1432381,-33.89398857,10101458,,,2002|2004,3001|3003|3004|3009|3011,1004
Waratah Mills Light Rail,220368,151.1401223,-33.89877075,10101459,,,2002|2004,3001|3003|3004|3009|3011,1004
Arlington Light Rail,220366,151.1380613,-33.90184127,10101460,,,2002|2004|2005|2015,3001|3003|3004|3008|3009|3011,1004
Dulwich Grove Light Rail,220365,151.1390126,-33.9050373,10101461,,,2002|2004|2015,3001|3003|3004|3005|3008|3009|3011,1004
Dulwich Hill Light Rail,220363,151.1400854,-33.91030497,10101462,,,2002|2004|2015,3001|3003|3004|3005|3008|3009|3011,1001|1004
Albury Station,26401,146.924691,-36.084068,10155026,02 6024 8034,"Railway Pl, East Albury",2003|2004|2006|2008|2009|2011|2013,3001|3006|3008|3011|3012,1001|1010|1005
Armidale Station,23501,151.651753,-30.515373,10155025,02 6774 8630,"Brown St, Armidale",2002|2003|2006|2008|2009|2011|2013,3001|3006|3008|3011,1001|1010|1005
Bellata Station,23971,149.7905,-29.9183,10155045,,"Newell Hwy, Bellata",,3001|3006|3012,1001
Blayney Station,27991,149.254516,-33.52704,10155031,02 6368 4375,"Railway Ln, Blayney",2003|2004|2008|2009|2011|2013,3001|3006|3011,1001
Boggabri Station,23821,150.039827,-30.703834,10155054,,"Oakham St, Boggabri",2004,3001|3006|3008|3011|3012,1001
Broken Hill Station,28801,141.466665,-31.959275,10155000,08 8082 5220,"Crystal St, Broken Hill",2003|2004|2008|2009|2011,3001|3006|3008|3009|3011,1001|1005
Bungendore Station,26211,149.446409,-35.255778,10155034,,"Majara St, Bungendore",2003|2008,3001|3006|3011|3012,1001
Canberra Station,26041,149.149396,-35.319272,10155022,02 6208 9700,"Burke Cr, Kingston ACT",2003|2006|2008|2009|2011|2013,3001|3006|3011,1001|1010|1005
Casino Station,24701,153.038275,-28.860663,10155062,02 6663 4910,"Canterbury St, Casino",2003|2004|2006|2008|2009|2011|2013,3001|3006|3008|3011,1001|1010|1005
Coffs Harbour Station,24501,153.138175,-30.3052,10155060,02 6648 3700,"Angus McLeod Pl, Coffs Harbour",2002|2003|2006|2008|2009|2011|2013,3001|3006|3008|3011,1001|1005
Condobolin Station,28772,147.153285,-33.08391,10155039,,"Denison St, Condobolin",,3006,1001
Coolamon Station,27011,147.201858,-34.816045,10155041,,"Wade St, Coolamon",,3006,1001
Cootamundra Station,25901,148.030649,-34.641038,10155050,02 6940 2920,"Hovell St, Cootamundra",2003|2004|2006|2008|2009|2011|2013,3001|3006|3011,1001|1010|1005
Culcairn Station,26601,147.038128,-35.666107,10155032,,"Balfour St, Culcairn",2004|2008,3001|3006|3011|3012,1001
Darnick Station,28781,143.624896,-32.851214,10155004,,"Ivanhoe Menindee Rd, Ivanhoe",,3008|3010|3012,1001
Dubbo Station,28301,148.608182,-32.245012,10155006,02 6841 3700,"Talbragar St, Dubbo",2003|2004|2006|2008|2009|2013,3001|3006|3011,1001|1010|1005
Euabalong West Station,28771,146.3909,-33.0548,10155018,,"Uabba St, Euabalong West",,3006|3008|3010|3012,1001
Eungai Station,24411,152.9001,-30.8497,10155049,,"South Bank Rd, Eungai",,3001|3006|3011|3012,1001
Geurie Station,28311,148.830581,-32.398277,10155013,,"Buckenbar St, Geurie",2004,3006|3010|3011|3012,1001|1010
Gloucester Station,24221,151.966735,-32.004766,10155028,,"Bucketts Way, Gloucester",2003|2004|2006|2008|2011|2013,3006|3010|3011,1001
Grafton Station,24601,152.941692,-29.703905,10155063,02 6641 5170,"Crisp Ave, South Grafton",2003|2006|2008|2009|2011|2013,3001|3006|3008|3011,1001|1010|1002|1005
Griffith Station,26801,146.047734,-34.28682,10155011,02 6961 8550,"Railway St, Griffith",2008|2009|2011,3001|3006|3008,1001
Gunnedah Station,23801,150.247996,-30.979376,10155055,02 6740 2060,"Railway Ave, Gunnedah",2003|2004|2008|2009|2013,3001|3006|3011,1001|1005
Gunning Station,25811,149.261031,-34.779691,10155030,,"Grovenor St, Gunning",2003|2008,3001|3004|3006|3011|3012,1001
Harden Station,25871,148.371322,-34.553349,10155003,,"Station St, Harden",2004|2008,3006|3011,1001
Henty Station,26581,147.035371,-35.517886,10155029,,"Olympic Hwy, Henty",2004|2008,3006|3008|3010|3011|3012,1001
Ivanhoe Station,28782,144.311759,-32.914304,10155007,,"Mitchell St, Ivanhoe",2008,3001|3006,1001
Junee Station,26631,147.583766,-34.87026,10155047,02 6924 4512,"Railway Sq, Junee",2003|2004|2006|2008|2009|2011,3001|3006|3008|3011,1001|1005
Kempsey Station,24401,152.833041,-31.076852,10155046,02 6561 4940,"Kemp St, Kempsey",2003|2006|2008|2009|2011|2013,3001|3006|3011,1001|1002|1005
Kendall Station,24391,152.706288,-31.635404,10155040,,"Railway St, Kendall",2003|2004|2006|2008|2009,3001|3006|3011|3012,1001
Kootingal Station,23521,151.056154,-31.058731,10155012,,"Gate St, Kootingal",,3001|3006|3011|3012,1001
Kyogle Station,24741,153.001284,-28.620185,10155066,,"Ettrick St, Kyogle",,3001|3006|3011|3012,1001
Leeton Station,27051,146.397659,-34.554328,10155020,,"Railway Ave, Leeton",,3006,1001
Macksville Station,24471,152.913135,-30.709283,10155053,02 6598 8010,"Station St, Macksville",2003|2004|2006|2008|2009,3001|3006|3011,1001|1005
Menindee Station,28791,142.424697,-32.389345,10155001,,"Maiden St, Menindee",,3006|3008|3010,1001
Moree Station,24001,149.848164,-29.473849,10155051,,"Gosport St, Moree",2003|2008|2009|2013,3001|3004|3006|3009|3011,1001|1010|1005
Murrurundi Station,23381,150.839451,-31.768429,10155005,,"Victoria St, Murrurundi",2003|2004|2008|2009,3001|3006|3008|3011,1001
Nambucca Heads Station,24481,152.977472,-30.629129,10155058,02 6598 7310,"Railway Pde, Nambucca Heads",2003|2004|2006|2008|2009|2011|2013,3001|3006|3011,1001|1005
Narrabri Station,23901,149.79202,-30.325322,10155044,02 6799 5210,"Bowen St, Narrabri",2003|2004|2006|2008|2009|2011|2013,3001|3006|3008|3011,1001|1010|1005
Narrandera Station,27001,146.556999,-34.740516,10155024,,"Whitton St, Narrandera",2008,3006|3008|3010,1001|1010
Orange Station,28001,149.103703,-33.286992,10155023,02 6363 8830,"Peisley St, Orange",2003|2004|2006|2008|2009|2011|2013,3001|3006|3011,1001|1005
Parkes Station,28701,148.173185,-33.142132,10155056,02 6863 8850,"Welcome St, Parkes",2003|2008|2009,3006|3008|3010,1001|1005
Queanbeyan Station,26201,149.227651,-35.34289,10155027,,"Henderson Rd, Queanbeyan",2003|2004|2008|2009,3001|3006|3008|3011,1001|1010
Quirindi Station,23431,150.681098,-31.505399,10155059,,"Station St, Quirindi",2003|2004|2006|2008|2009|2011|2013,3001|3006|3011,1001|1005
Rydal Station,2790128,150.031812,-33.483565,10155052,,"Bathurst St, Rydal",,3001|3006|3009|3011,1001
Sawtell Station,24521,153.097419,-30.359429,10155065,,"Huberts Rd, Sawtell",2003|2009,3001|3006|3011|3012,1001
Stuart Town Station,28201,149.07832,-32.801192,10155019,,"Bell St, Stuart Town",2004,3001|3006|3011|3012,1001
Tamworth Station,234012,150.930848,-31.087262,10155009,02 6701 9050,"Marius St, Tamworth",2003|2006|2008|2009|2013,3001|3006|3011,1001|1010|1005
Tarago Station,258011,149.651365,-35.069961,10155038,,"Goulburn St, Tarago",2008,3011|3012,1001
Tarana Station,27871,149.907594,-33.524107,10155048,,"Mutton Falls Rd, Tarana",2004,3001|3006|3009|3011,1001
Taree Station,24301,152.456963,-31.906437,10155037,02 6592 4770,"Olympia St, Taree",2003|2006|2008|2009|2011|2013,3001|3006|3008|3011,1001|1010|1002|1005
The Rock Station,26551,147.118301,-35.271764,10155035,,"Olympic Hwy, The Rock",2004|2008,3006|3011|3012,1001
Uralla Station,235813,151.505202,-30.644076,10155021,,"Duke St, Uralla",2003|2004|2009,3001|3006|3011|3012,1001
Urunga Station,24551,153.018678,-30.499656,10155064,,"Orana St, Urunga",2003|2004|2008|2011,3001|3006|3011|3012,1001
Wagga Wagga Station,26501,147.36845,-35.120418,10155042,02 6932 3150,"Station Pl, Wagga Wagga",2003|2004|2006|2008|2009|2011|2013,3001|3006|3011,1001|1010|1005
Walcha Road Station,23541,151.40217,-30.940998,10155016,,"Wollun Rd, Walcha Road",2004,3006|3011|3012,1001|1010
Wauchope Station,24461,152.736526,-31.455909,10155043,02 6589 6540,"Randall St, Wauchope",2003|2004|2006|2008|2009|2011|2013,3001|3006|3008|3011,1001|1010|1002|1005
Wellington Station,28202,148.946832,-32.554036,10155017,02 6840 7850,Swift St Wellington,2003|2008|2009|2013,3001|3006|3008|3011,1001|1010
Werris Creek Station,23411,150.646464,-31.350139,10155057,,"Single St, Werris Creek",2003|2004|2006|2008|2009,3001|3006|3011,1001|1005
Willow Tree Station,23391,150.726123,-31.650065,10155002,,"Main North Rd, Willow Tree",2004|2008,3001|3006|3008|3011|3012,1001
Wingham Station,24291,152.367636,-31.86809,10155033,,"Price St, Wingham",2003|2004|2008|2009|2011,3006|3011,1001
Yass Junction,25821,148.915387,-34.808995,10155014,02 6118 6000,"Faulder Ave, Yass",2003|2004|2008|2009|2013,3001|3004|3006|3008|3009|3011|3012,1001|1010|1005
